<?xml version="1.0" encoding="utf-8"?>
<resources>
    <!--Settings App-->
    <color name="background_material_dark">#70000000</color>
    <!--Volume Panel-->
    <color name="primary_material_dark">#70000000</color>    <!--OG:@color/material_grey_900-->

    <!--Other-->
    <color name="background_floating_material_dark">#80000000</color>   <!--OG:@color/material_grey_800-->
    <color name="bright_foreground_light_disabled">#80000000</color>   <!--OG:##80000000-->
    <color name="background_holo_dark">#80000000</color>   <!--OG:#ff000000-->

    <!--Notification dropdown related values-->
    <color name="notification_action_list">#80000000</color> <!--OG:#ffeeeeee-->
    <color name="notification_primary_text_color_light">#ffffffff</color>  <!--OG:@color/primary_text_default_material_light(#de000000)-->
    <color name="notification_secondary_text_color_light">#ffb2b2b2</color> <!--OG:@color/secondary_text_material_light-->

    <style name="Theme.DeviceDefault.Settings" parent="@*android:style/Theme.Material">
        <item name="android:windowShowWallpaper">true</item>
    </style>
	    <style name="Theme.Material.Settings.NoActionBar"
        parent="@android:style/Theme.Material.NoActionBar">
            <item name="android:colorPrimary">@*android:color/holo_primary</item>
            <item name="android:colorPrimaryDark">@*android:color/holo_primary_dark</item>
            <item name="android:colorAccent">@*android:color/holo_blue_bright</item>
</style>


    <!-- Suggestion/condition colors -->
    <color name="suggestion_condition_background">#22000000</color>
    <color name="condition_card_background">#22000000</color>

</resources>
